<manifest><control namespace="PowerCAT" constructor="DonutChart" version="1.1.34" display-name-key="DonutChart" description-key="DonutChart_desc" control-type="virtual" api-version="1.3.14"><property name="Title" display-name-key="DonutChart_Title_Display_Key" of-type="SingleLine.Text" usage="input" required="false" /><property name="HideLabel" display-name-key="DonutChart_Hidelabel_Display_Key" of-type="TwoOptions" usage="input" required="true" default-value="false" /><property name="HideTooltip" display-name-key="DonutChart_HideTooltip_Display_Key" of-type="TwoOptions" usage="input" default-value="false" required="false" /><property name="ShowLabelsInPercentage" display-name-key="DonutChart_Showlabelsinpercent_Display_Key" of-type="TwoOptions" usage="input" required="false" default-value="true" /><property name="InnerRadius" display-name-key="DonutChart_Innerradius_Display_Key" of-type="Whole.None" usage="input" required="false" default-value="35" /><property name="ValueInsideDonut" display-name-key="DonutChart_Valueinsidedonut_Display_Key" of-type="SingleLine.Text" usage="input" required="false" /><property name="Theme" display-name-key="DonutChart_Theme_Display_Key" of-type="Multiple" usage="input" required="false" /><property name="CustomColors" display-name-key="DonutChart_Customcolors_Display_Key" of-type="TwoOptions" usage="input" default-value="false" required="false" /><property name="TabIndex" hidden="true" display-name-key="NA" description-key="NA" of-type="Whole.None" usage="input" required="false" /><property name="Tooltip" hidden="true" display-name-key="NA" description-key="NA" of-type="SingleLine.Text" usage="input" required="false" /><data-set name="items" display-name-key="DonutChart_ChartData_Display_Key"><property-set name="ItemKey" display-name-key="DonutChart_Key_Display_Key" of-type="SingleLine.Text" usage="bound" required="true" /><property-set name="ItemLegend" display-name-key="DonutChart_Legend_Display_Key" of-type="SingleLine.Text" usage="bound" required="true" /><property-set name="ItemValue" display-name-key="DonutChart_Value_Display_Key" of-type="Whole.None" usage="bound" required="true" /><property-set name="ItemColor" display-name-key="DonutChart_Color_Display_Key" of-type="TwoOptions" usage="bound" required="true" /></data-set><common-property name="Height" default-value="350" /><common-property name="Width" default-value="350" /><resources><code path="bundle.js" order="1" /><platform-library name="React" version="16.8.6" /><platform-library name="Fluent" version="8.29.0" /><resx path="strings/DonutChart.1033.resx" version="1.0.0" /></resources><built-by name="pac" version="1.32.5" /></control></manifest>