<manifest><control namespace="PowerCAT" constructor="SearchBox" version="1.1.34" display-name-key="SearchBox" description-key="SearchBox_desc" control-type="virtual" api-version="1.3.14"><property name="SearchText" display-name-key="SearchBox_SearchText" description-key="SearchBox_SearchText_Desc" of-type="SingleLine.Text" usage="bound" /><property name="Theme" display-name-key="Theme" of-type="Multiple" usage="input" required="false" /><property name="AccessibilityLabel" display-name-key="AccessibilityLabel" of-type="SingleLine.Text" usage="input" required="false" /><property name="IconName" display-name-key="IconName" of-type="SingleLine.Text" usage="input" required="false" default-value="Search" /><property name="Underlined" display-name-key="Underlined" of-type="TwoOptions" usage="input" required="false" /><property name="DisableAnimation" display-name-key="DisableAnimation" of-type="TwoOptions" usage="input" required="false" /><property name="PlaceHolderText" display-name-key="PlaceHolderText" of-type="SingleLine.Text" usage="input" required="false" default-value="Search" /><property name="InputEvent" display-name-key="InputEvent" of-type="SingleLine.Text" usage="input" required="false" /><property name="DelayOutput" display-name-key="DelayOutput" of-type="TwoOptions" usage="input" required="false" /><property name="BorderColor" display-name-key="BorderColor" of-type="SingleLine.Text" usage="input" required="false" /><common-event name="OnChange" /><feature-usage><uses-feature name="ExplicitCommonEvents" required="true" /></feature-usage><resources><code path="bundle.js" order="1" /><resx path="strings/SearchBox.1033.resx" version="1.0.0" /><platform-library name="React" version="16.8.6" /><platform-library name="Fluent" version="8.29.0" /></resources><built-by name="pac" version="1.32.5" /></control></manifest>