<manifest><control namespace="PowerCAT" constructor="TagList" version="1.1.34" display-name-key="TagList" description-key="TagList_Desc" control-type="virtual" api-version="1.3.14"><property name="SelectedKey" display-name-key="SelectedKey" usage="bound" of-type="SingleLine.Text" /><property name="Theme" display-name-key="Theme" of-type="Multiple" usage="input" required="false" /><property name="BorderRadius" display-name-key="BorderRadius" of-type="Whole.None" usage="input" /><property name="TextAlignment" display-name-key="TextAlignment" of-type="Enum" usage="input"><value name="Center" display-name-key="Center">0</value><value name="Left" display-name-key="Left">1</value><value name="Right" display-name-key="Right">2</value></property><property name="FontSize" display-name-key="FontSize" of-type="Whole.None" usage="input" /><property name="ItemHeight" display-name-key="ItemHeight" of-type="Whole.None" usage="input" /><property name="MaxHeight" display-name-key="MaxHeight" of-type="Whole.None" usage="input" /><property name="AutoHeight" display-name-key="AutoHeight" of-type="Whole.None" usage="output" /><property name="AccessibilityLabel" display-name-key="AccessibilityLabel" of-type="SingleLine.Text" usage="input" required="false" /><data-set name="items" display-name-key="Items"><property-set name="ItemDisplayName" display-name-key="Display Name" of-type="SingleLine.Text" usage="bound" required="true" /><property-set name="ItemKey" display-name-key="Key" of-type="SingleLine.Text" usage="bound" required="true" /><property-set name="ItemEnabled" display-name-key="Enabled" of-type="TwoOptions" usage="bound" required="false" /><property-set name="ItemVisible" display-name-key="Visible" of-type="TwoOptions" usage="bound" required="false" /><property-set name="ItemIconName" display-name-key="IconName" of-type="SingleLine.Text" usage="bound" required="false" /><property-set name="ItemIconColor" display-name-key="IconColor" of-type="SingleLine.Text" usage="bound" required="false" /><property-set name="ItemTextColor" display-name-key="ItemTextColor" of-type="SingleLine.Text" usage="bound" required="false" /><property-set name="ItemBackgroundColor" display-name-key="ItemBackgroundColor" of-type="SingleLine.Text" usage="bound" required="false" /><property-set name="ItemBorderColor" display-name-key="ItemBorderColor" of-type="SingleLine.Text" usage="bound" required="false" /><property-set name="ItemIconOnly" display-name-key="IconOnly" of-type="TwoOptions" usage="bound" required="false" /></data-set><resources><code path="bundle.js" order="1" /><resx path="strings/TagList.1033.resx" version="1.0.0" /><platform-library name="React" version="16.8.6" /><platform-library name="Fluent" version="8.29.0" /></resources><built-by name="pac" version="1.32.5" /></control></manifest>