<manifest><control namespace="PowerCAT" constructor="MaskedTextField" version="1.1.34" display-name-key="MaskedTextField" description-key="MaskedTextField_Desc" control-type="virtual" api-version="1.3.14"><property name="Value" display-name-key="MaskedTextField_Value" of-type="SingleLine.Text" usage="bound" required="true" /><property name="Prefix" display-name-key="MaskedTextField_Prefix" of-type="SingleLine.Text" usage="input" required="false" /><property name="Suffix" display-name-key="MaskedTextField_Suffix" of-type="SingleLine.Text" usage="input" required="false" /><property name="ErrorMessage" display-name-key="MaskedTextField_ErrorMessage" of-type="SingleLine.Text" usage="input" required="false" /><property name="MaskFormat" display-name-key="MaskedTextField_MaskFormat" description-key="MaskFormat_Desc" of-type="SingleLine.Text" usage="input" required="false" default-value="[\d\w!#$%'()*+,\-./:;&lt;=&gt;?@_'{}~\t]" /><property name="Mask" display-name-key="MaskedTextField_Mask" of-type="SingleLine.Text" usage="input" required="false" default-value="***********************************" /><property name="DelayOutput" display-name-key="MaskedTextField_DelayOutput" of-type="TwoOptions" usage="input" required="false" /><property name="Theme" display-name-key="MaskedTextField_Theme" of-type="Multiple" usage="input" required="false" /><property name="AccessibilityLabel" display-name-key="MaskedTextField_AccessibilityLabel" of-type="SingleLine.Text" usage="input" required="false" /><property name="InputEvent" display-name-key="MaskedTextField_InputEvent" of-type="SingleLine.Text" usage="input" required="false" /><common-event name="OnChange" /><feature-usage><uses-feature name="ExplicitCommonEvents" required="true" /></feature-usage><resources><code path="bundle.js" order="1" /><resx path="strings/MaskedTextField.1033.resx" version="1.0.0" /><platform-library name="React" version="16.8.6" /><platform-library name="Fluent" version="8.29.0" /></resources><built-by name="pac" version="1.32.5" /></control></manifest>