<manifest><control namespace="PowerCAT" constructor="PeoplePicker" version="1.1.34" display-name-key="PeoplePicker" description-key="PeoplePicker description" control-type="virtual" api-version="1.3.14"><property name="Theme" display-name-key="Theme" of-type="Multiple" usage="input" required="false" /><property name="AccessibilityLabel" display-name-key="AccessibilityLabel" of-type="SingleLine.Text" usage="input" required="false" default-value="People Picker" /><property name="ShowSecondaryText" display-name-key="ShowSecondaryText_Desc" of-type="TwoOptions" usage="input" default-value="false" required="false" /><property name="Error" display-name-key="Error" of-type="TwoOptions" usage="input" default-value="false" required="false" /><property name="MinimumSearchTermLength" description-key="MinimumSearchTermLength_Desc" display-name-key="MinimumSearchTermLength" required="true" usage="input" of-type="Whole.None" default-value="3" /><property name="SearchTermToShortMessage" description-key="SearchTermToShortMessage_Desc" display-name-key="SearchTermToShortMessage" required="true" usage="input" of-type="SingleLine.Text" default-value="Continue Typing..." /><property name="NoResultFoundMessage" description-key="NoResultFoundMessage_Desc" display-name-key="NoResultFoundMessage" required="true" usage="input" of-type="SingleLine.Text" default-value="No results found" /><property name="SuggestionsHeaderText" description-key="SuggestionsHeaderText_Desc" display-name-key="SuggestionsHeaderText" required="true" usage="input" of-type="SingleLine.Text" default-value="Suggested People" /><property name="HintText" description-key="HintText_Desc" display-name-key="HintText" required="true" usage="input" of-type="SingleLine.Text" default-value="Search" /><property name="MaxPeople" description-key="MaxPeople_Desc" display-name-key="MaxPeople" required="true" usage="input" of-type="Whole.None" default-value="10" /><property name="PeoplePickerType" display-name-key="PeoplePickerType" description-key="PeoplePickerType" usage="input" of-type="Enum" required="true"><value name="NormalPeoplePicker" display-name-key="NormalPeoplePicker" description-key="Normal" default="true">Normal People Picker</value><value name="CompactPeoplePicker" display-name-key="CompactPeoplePicker" description-key="Compact">Compact People Picker</value><value name="ListPeoplePicker" display-name-key="ListPeoplePicker" description-key="List">List People Picker</value></property><property name="SelectedPeople" display-name-key="SelectedPeople_Desc" description-key="SelectedPeopleDisplayName" of-type="Object" usage="output" default-value="" required="true" /><property name="SearchText" description-key="SearchText_Desc" display-name-key="SearchText" usage="output" of-type="SingleLine.Text" /><property name="AutoHeight" description-key="AutoHeight_Desc" display-name-key="AutoHeight" usage="output" of-type="Whole.None" /><property name="InputEvent" display-name-key="InputEvent" description-key="InputEvent_Desc" of-type="SingleLine.Text" usage="input" /><event name="OnSearch" display-name-key="OnSearch" description-key="OnSearch_Desc" /><event name="OnBlur" display-name-key="OnBlur" description-key="OnBlur_Desc" /><event name="OnFocus" display-name-key="OnFocus" description-key="OnFocus_Desc" /><data-set name="Personas" display-name-key="Personas"><property-set name="PersonaKey" display-name-key="PersonaKey" description-key="PersonaKey_Desc" of-type="SingleLine.Text" usage="bound" required="true" /><property-set name="PersonaName" display-name-key="PersonaName" of-type="SingleLine.Text" usage="bound" required="true" /><property-set name="PersonaImgUrl" display-name-key="PersonaImgUrl" of-type="SingleLine.Text" usage="bound" required="false" /><property-set name="PersonaImageAlt" display-name-key="PersonaImageAlt" of-type="SingleLine.Text" usage="bound" required="false" /><property-set name="PersonaPresence" display-name-key="PersonaPresence" of-type="SingleLine.Text" usage="bound" required="false" /><property-set name="PersonaOOF" display-name-key="PersonaOOF" of-type="TwoOptions" usage="bound" required="false" /><property-set name="PersonaRole" display-name-key="PersonaRole" of-type="SingleLine.Text" usage="bound" required="false" /></data-set><data-set name="Suggestions" display-name-key="Suggestions"><property-set name="SuggestionKey" display-name-key="SuggestionKey" description-key="SuggestionsKey_Desc" of-type="SingleLine.Text" usage="bound" required="true" /><property-set name="SuggestionName" display-name-key="SuggestionName" of-type="SingleLine.Text" usage="bound" required="true" /><property-set name="SuggestionImgUrl" display-name-key="SuggestionImgUrl" of-type="SingleLine.Text" usage="bound" required="false" /><property-set name="SuggestionImageAlt" display-name-key="SuggestionImageAlt" of-type="SingleLine.Text" usage="bound" required="false" /><property-set name="SuggestionPresence" display-name-key="SuggestionPresence" of-type="SingleLine.Text" usage="bound" required="false" /><property-set name="SuggestionOOF" display-name-key="SuggestiosOOF" of-type="TwoOptions" usage="bound" required="false" /><property-set name="SuggestionRole" display-name-key="SuggestionRole" of-type="SingleLine.Text" usage="bound" required="false" /></data-set><property-dependencies><property-dependency input="PeoplePickerType" output="SelectedPeople" required-for="schema" /><property-dependency input="PeoplePickerType" output="SearchText" required-for="schema" /><property-dependency input="PeoplePickerType" output="AutoHeight" required-for="schema" /></property-dependencies><resources><code path="bundle.js" order="1" /><resx path="strings/PeoplePicker.1033.resx" version="1.0.0" /><css path="css/PeoplePicker.css" order="1" /><platform-library name="React" version="16.8.6" /><platform-library name="Fluent" version="8.29.0" /></resources><built-by name="pac" version="1.32.5" /><subscribed-functionalities><subscribed-functionality name="sharedTemplate" value="false" /></subscribed-functionalities></control></manifest>